{"cameraMode":{"drawMode":0,"name":"Shaded","section":"Shading Mode"},"sceneLighting":true,"audioPlay":false,"sceneViewState":{"m_AlwaysRefresh":false,"showFog":true,"showSkybox":true,"showFlares":true,"showImageEffects":true,"showParticleSystems":true,"showVisualEffectGraphs":true,"m_FxEnabled":true},"in2DMode":false,"pivot":{"x":-0.08526318520307541,"y":1.0703868865966797,"z":-0.5764551162719727},"rotation":{"x":-0.5244764685630798,"y":-0.022474030032753946,"z":0.013850950635969639,"w":-0.851024329662323},"size":1.714641809463501,"orthographic":false}